Workbook

Sheet Raw Data
A1: Order ID | B1: Date | C1: Region | D1: Product | E1: Category | F1: Quantity | G1: Unit Price | H1: Revenue | I1: Month
A2: 1001 | B2: 46228 | C2: North | D2: Wireless Mouse | E2: Electronics | F2: 4 | G2: 818 | H2: =F2*G2 -> 3272 | I2: =TEXT(B2,"mmm-yy") -> Jul-26
A3: 1002 | B3: 46015 | C3: South | D3: Bluetooth Speaker | E3: Electronics | F3: 9 | G3: 2034 | H3: =F3*G3 -> 18306 | I3: =TEXT(B3,"mmm-yy") -> Dec-25
A4: 1003 | B4: 45945 | C4: West | D4: Wireless Mouse | E4: Electronics | F4: 4 | G4: 761 | H4: =F4*G4 -> 3044 | I4: =TEXT(B4,"mmm-yy") -> Oct-25
A5: 1004 | B5: 46020 | C5: North | D5: Office Chair | E5: Furniture | F5: 12 | G5: 5618 | H5: =F5*G5 -> 67416 | I5: =TEXT(B5,"mmm-yy") -> Dec-25
A6: 1005 | B6: 46180 | C6: West | D6: Office Chair | E6: Furniture | F6: 5 | G6: 5471 | H6: =F6*G6 -> 27355 | I6: =TEXT(B6,"mmm-yy") -> Jun-26
A7: 1006 | B7: 45904 | C7: South | D7: Cotton T-Shirt | E7: Apparel | F7: 3 | G7: 442 | H7: =F7*G7 -> 1326 | I7: =TEXT(B7,"mmm-yy") -> Sep-25
A8: 1007 | B8: 46011 | C8: East | D8: Bluetooth Speaker | E8: Electronics | F8: 2 | G8: 1918 | H8: =F8*G8 -> 3836 | I8: =TEXT(B8,"mmm-yy") -> Dec-25
A9: 1008 | B9: 46084 | C9: East | D9: Standing Desk | E9: Furniture | F9: 12 | G9: 9275 | H9: =F9*G9 -> 111300 | I9: =TEXT(B9,"mmm-yy") -> Mar-26
A10: 1009 | B10: 46136 | C10: North | D10: Cotton T-Shirt | E10: Apparel | F10: 5 | G10: 430 | H10: =F10*G10 -> 2150 | I10: =TEXT(B10,"mmm-yy") -> Apr-26
A11: 1010 | B11: 46222 | C11: East | D11: Office Chair | E11: Furniture | F11: 1 | G11: 5611 | H11: =F11*G11 -> 5611 | I11: =TEXT(B11,"mmm-yy") -> Jul-26
A12: 1011 | B12: 46239 | C12: South | D12: Standing Desk | E12: Furniture | F12: 4 | G12: 9436 | H12: =F12*G12 -> 37744 | I12: =TEXT(B12,"mmm-yy") -> Aug-26
A13: 1012 | B13: 45952 | C13: West | D13: Standing Desk | E13: Furniture | F13: 6 | G13: 8957 | H13: =F13*G13 -> 53742 | I13: =TEXT(B13,"mmm-yy") -> Oct-25
... A221: 1220 | B221: 46035 | C221: West | D221: Bookshelf | E221: Furniture | F221: 4 | G221: 3170 | H221: =F221*G221 -> 12680 | I221: =TEXT(B221,"mmm-yy") -> Jan-26

Sheet Dashboard
B2: Sales & Revenue Analysis Dashboard
B3: Sample data — replace 'Raw Data' sheet with real records to go live.
B5: Filter by Region: | C5: All
B7: Total Revenue | E7: Total Units Sold | H7: Total Orders | K7: Avg Order Value
B8: =IF(Dashboard!$C$5="All",SUM(SalesData[Revenue]),SUMIFS(SalesData[Revenue],SalesData[Region],Dashboard!$C$5)) -> 5080285 | E8: =IF(Dashboard!$C$5="All",SUM(SalesData[Quantity]),SUMIFS(SalesData[Quantity],SalesData[Region],Dashboard!$C$5)) -> 1511 | H8: =IF(Dashboard!$C$5="All",COUNTA(SalesData[Order ID]),COUNTIFS(SalesData[Region],Dashboard!$C$5)) -> 220 | K8: =IF(Dashboard!$C$5="All",SUM(SalesData[Revenue])/COUNTA(SalesData[Order ID]),SUMIFS(SalesData[Revenue],SalesData[Region],Dashboard!$C$5)/COUNTIFS(SalesData[Region],Dashboard!$C$5)) -> 23092.205
B11: Top-Performing Product
B12: =INDEX(J31:J38,MATCH(MAX(IF(Dashboard!$C$5="All",K31:K38,L31:L38)),IF(Dashboard!$C$5="All",K31:K38,L31:L38),0)) -> Standing Desk
J15: Chart data (auto-updates with filter above) — don't delete
J16: Month | K16: Revenue
J17: Sep-25 | K17: =IF(Dashboard!$C$5="All",SUMIFS(SalesData[Revenue],SalesData[Month],J17),SUMIFS(SalesData[Revenue],SalesData[Month],J17,SalesData[Region],Dashboard!$C$5)) -> 402473
J18: Oct-25 | K18: =IF(Dashboard!$C$5="All",SUMIFS(SalesData[Revenue],SalesData[Month],J18),SUMIFS(SalesData[Revenue],SalesData[Month],J18,SalesData[Region],Dashboard!$C$5)) -> 484864
J19: Nov-25 | K19: =IF(Dashboard!$C$5="All",SUMIFS(SalesData[Revenue],SalesData[Month],J19),SUMIFS(SalesData[Revenue],SalesData[Month],J19,SalesData[Region],Dashboard!$C$5)) -> 204484
J20: Dec-25 | K20: =IF(Dashboard!$C$5="All",SUMIFS(SalesData[Revenue],SalesData[Month],J20),SUMIFS(SalesData[Revenue],SalesData[Month],J20,SalesData[Region],Dashboard!$C$5)) -> 526741
J21: Jan-26 | K21: =IF(Dashboard!$C$5="All",SUMIFS(SalesData[Revenue],SalesData[Month],J21),SUMIFS(SalesData[Revenue],SalesData[Month],J21,SalesData[Region],Dashboard!$C$5)) -> 819200
J22: Feb-26 | K22: =IF(Dashboard!$C$5="All",SUMIFS(SalesData[Revenue],SalesData[Month],J22),SUMIFS(SalesData[Revenue],SalesData[Month],J22,SalesData[Region],Dashboard!$C$5)) -> 437733
J23: Mar-26 | K23: =IF(Dashboard!$C$5="All",SUMIFS(SalesData[Revenue],SalesData[Month],J23),SUMIFS(SalesData[Revenue],SalesData[Month],J23,SalesData[Region],Dashboard!$C$5)) -> 491882
J24: Apr-26 | K24: =IF(Dashboard!$C$5="All",SUMIFS(SalesData[Revenue],SalesData[Month],J24),SUMIFS(SalesData[Revenue],SalesData[Month],J24,SalesData[Region],Dashboard!$C$5)) -> 197118
J25: May-26 | K25: =IF(Dashboard!$C$5="All",SUMIFS(SalesData[Revenue],SalesData[Month],J25),SUMIFS(SalesData[Revenue],SalesData[Month],J25,SalesData[Region],Dashboard!$C$5)) -> 200278
J26: Jun-26 | K26: =IF(Dashboard!$C$5="All",SUMIFS(SalesData[Revenue],SalesData[Month],J26),SUMIFS(SalesData[Revenue],SalesData[Month],J26,SalesData[Region],Dashboard!$C$5)) -> 542401
J27: Jul-26 | K27: =IF(Dashboard!$C$5="All",SUMIFS(SalesData[Revenue],SalesData[Month],J27),SUMIFS(SalesData[Revenue],SalesData[Month],J27,SalesData[Region],Dashboard!$C$5)) -> 378890
J28: Aug-26 | K28: =IF(Dashboard!$C$5="All",SUMIFS(SalesData[Revenue],SalesData[Month],J28),SUMIFS(SalesData[Revenue],SalesData[Month],J28,SalesData[Region],Dashboard!$C$5)) -> 394221
J30: Product | K30: Revenue (All Regions) | L30: Revenue (Filtered)
J31: Wireless Mouse | K31: =SUMIFS(SalesData[Revenue],SalesData[Product],J31) -> 108692 | L31: =IF(Dashboard!$C$5="All",K31,SUMIFS(SalesData[Revenue],SalesData[Product],J31,SalesData[Region],Dashboard!$C$5)) -> 108692
J32: Bluetooth Speaker | K32: =SUMIFS(SalesData[Revenue],SalesData[Product],J32) -> 359830 | L32: =IF(Dashboard!$C$5="All",K32,SUMIFS(SalesData[Revenue],SalesData[Product],J32,SalesData[Region],Dashboard!$C$5)) -> 359830
J33: USB-C Charger | K33: =SUMIFS(SalesData[Revenue],SalesData[Product],J33) -> 97285 | L33: =IF(Dashboard!$C$5="All",K33,SUMIFS(SalesData[Revenue],SalesData[Product],J33,SalesData[Region],Dashboard!$C$5)) -> 97285
J34: Office Chair | K34: =SUMIFS(SalesData[Revenue],SalesData[Product],J34) -> 1186310 | L34: =IF(Dashboard!$C$5="All",K34,SUMIFS(SalesData[Revenue],SalesData[Product],J34,SalesData[Region],Dashboard!$C$5)) -> 1186310
J35: Standing Desk | K35: =SUMIFS(SalesData[Revenue],SalesData[Product],J35) -> 2451113 | L35: =IF(Dashboard!$C$5="All",K35,SUMIFS(SalesData[Revenue],SalesData[Product],J35,SalesData[Region],Dashboard!$C$5)) -> 2451113
J36: Bookshelf | K36: =SUMIFS(SalesData[Revenue],SalesData[Product],J36) -> 359153 | L36: =IF(Dashboard!$C$5="All",K36,SUMIFS(SalesData[Revenue],SalesData[Product],J36,SalesData[Region],Dashboard!$C$5)) -> 359153
J37: Cotton T-Shirt | K37: =SUMIFS(SalesData[Revenue],SalesData[Product],J37) -> 116243 | L37: =IF(Dashboard!$C$5="All",K37,SUMIFS(SalesData[Revenue],SalesData[Product],J37,SalesData[Region],Dashboard!$C$5)) -> 116243
J38: Denim Jacket | K38: =SUMIFS(SalesData[Revenue],SalesData[Product],J38) -> 401659 | L38: =IF(Dashboard!$C$5="All",K38,SUMIFS(SalesData[Revenue],SalesData[Product],J38,SalesData[Region],Dashboard!$C$5)) -> 401659
J40: Region | K40: Revenue
J41: North | K41: =SUMIFS(SalesData[Revenue],SalesData[Region],J41) -> 1134743
J42: South | K42: =SUMIFS(SalesData[Revenue],SalesData[Region],J42) -> 1485319
J43: East | K43: =SUMIFS(SalesData[Revenue],SalesData[Region],J43) -> 1034155
J44: West | K44: =SUMIFS(SalesData[Revenue],SalesData[Region],J44) -> 1426068
